レース数, 予想順位,実際の順位,単勝,複勝,2連単,2連複,拡連複,3連単,3連複
19122021,1-3-4,1-2-5,50,0,-100,-100,-100,-100,-100
19120621,2-1-4,1-4-5,-100,-100,-100,-100,-100,-100,-100
19122747,1-2-4,1-2-4,0,0,320,200,60,1110,410
19120934,1-2-4,3-4-2,-100,-100,-100,-100,-100,-100,-100
19120931,2-1-3,1-3-4,-100,-100,-100,-100,-100,-100,-100
19122629,1-2-3,1-2-4,140,0,190,20,70,-100,-100
19121642,2-1-3,2-1-3,130,80,370,80,20,2090,770
19122739,1-3-2,1-5-6,60,50,-100,-100,-100,-100,-100
19122018,1-2-3,1-5-3,50,0,-100,-100,-100,-100,-100
19122526,1-2-4,1-2-5,0,10,380,360,140,-100,-100
19122626,1-3-2,1-3-4,40,20,410,250,40,-100,-100
19121832,1-4-2,6-1-2,-100,30,-100,-100,-100,-100,-100
19122015,1-3-5,1-2-5,20,20,-100,-100,-100,-100,-100
19121930,1-3-4,4-2-6,-100,-100,-100,-100,-100,-100,-100
19122635,1-3-4,6-5-3,-100,-100,-100,-100,-100,-100,-100
19122829,1-2-4,1-2-3,30,0,40,30,0,-100,-100
19122525,1-2-3,1-3-6,20,0,-100,-100,-100,-100,-100
19120616,1-3-2,1-2-4,40,0,-100,-100,-100,-100,-100
19123136,1-2-3,2-1-5,-100,30,-100,170,120,-100,-100
19120624,1-2-3,4-1-5,-100,50,-100,-100,-100,-100,-100
19121830,2-1-3,2-1-5,170,10,220,60,20,-100,-100
19121729,1-2-3,2-1-3,-100,10,-100,20,10,-100,120
19121648,1-2-3,1-5-3,30,0,-100,-100,-100,-100,-100
19120836,1-2-3,3-4-5,-100,-100,-100,-100,-100,-100,-100
19120827,1-3-2,1-5-3,50,70,-100,-100,10,-100,-100
19123125,1-2-3,1-2-6,10,0,140,120,30,-100,-100
19122531,1-2-5,2-1-4,-100,10,-100,130,20,-100,-100
19120925,1-3-4,5-2-6,-100,-100,-100,-100,-100,-100,-100
19120733,2-1-4,1-2-4,-100,20,-100,50,110,-100,210
19121645,2-3-4,3-4-6,-100,-100,-100,-100,-100,-100,-100
19120619,1-3-2,2-1-4,-100,0,-100,-100,-100,-100,-100
19122742,1-2-3,6-3-5,-100,-100,-100,-100,-100,-100,-100
19121733,2-4-3,4-6-2,-100,-100,-100,-100,100,-100,-100
19120727,1-3-4,1-3-4,60,0,130,30,0,370,170
19120620,1-3-2,1-3-4,30,0,80,160,70,-100,-100
19120725,1-2-3,1-2-3,0,0,100,100,50,680,350
19123131,1-2-4,3-1-5,-100,20,-100,-100,-100,-100,-100
19121030,1-3-2,3-2-6,-100,-100,-100,-100,-100,-100,-100
19121035,1-2-3,4-1-2,-100,30,-100,-100,80,-100,-100
19121834,2-1-3,2-4-1,3110,130,-100,-100,110,-100,-100
19122628,1-2-3,4-1-6,-100,0,-100,-100,-100,-100,-100
19120830,2-1-3,2-1-3,690,90,2790,780,300,5340,410
19120929,1-2-3,1-2-4,70,0,130,60,60,-100,-100
19120936,1-2-3,1-5-4,10,0,-100,-100,-100,-100,-100
19122529,1-2-3,2-1-5,-100,40,-100,90,0,-100,-100
19120825,1-3-4,1-3-4,0,0,90,70,10,440,280
19120614,1-2-3,1-4-2,60,10,-100,-100,70,-100,-100
19121644,1-2-3,1-6-4,80,20,-100,-100,-100,-100,-100
19122836,1-2-3,1-4-3,0,0,-100,-100,-100,-100,-100
19122831,1-2-5,1-2-5,70,0,260,130,60,3140,1400
19121936,1-2-4,2-1-3,-100,0,-100,50,10,-100,-100
19121646,1-2-4,5-2-4,-100,-100,-100,-100,-100,-100,-100
19121831,1-2-3,4-2-1,-100,-100,-100,-100,10,-100,-100
19121725,1-2-3,1-4-5,10,10,-100,-100,-100,-100,-100
19121829,1-2-3,2-1-3,-100,30,-100,60,10,-100,110
19122014,1-3-4,1-2-5,20,0,-100,-100,-100,-100,-100
19121828,1-4-2,1-2-3,0,10,-100,-100,-100,-100,-100
19123126,1-3-2,1-4-3,90,0,-100,-100,240,-100,-100
19121926,1-2-4,1-2-5,10,0,160,190,50,-100,-100
19122631,1-3-4,2-5-3,-100,-100,-100,-100,-100,-100,-100
19120932,1-2-4,6-1-3,-100,80,-100,-100,-100,-100,-100
19122746,1-2-3,3-4-1,-100,-100,-100,-100,-100,-100,-100
19120835,1-2-3,1-2-3,10,0,70,70,0,290,110
19121931,1-3-4,4-1-3,-100,0,-100,-100,120,-100,320
19120728,1-3-2,1-3-4,0,0,160,180,30,-100,-100
19121027,1-3-4,3-5-2,-100,-100,-100,-100,-100,-100,-100
19123132,1-2-3,1-3-2,20,30,-100,-100,40,-100,90
19120735,1-3-5,1-5-6,160,40,-100,-100,-100,-100,-100
19122019,1-2-4,1-2-5,40,10,170,110,30,-100,-100
19120928,1-3-2,4-1-6,-100,10,-100,-100,-100,-100,-100
19121033,1-2-3,1-4-2,0,0,-100,-100,20,-100,-100
19121932,1-2-4,2-1-4,-100,0,-100,390,10,-100,120
19122013,1-2-4,1-5-2,20,0,-100,-100,50,-100,-100
19121835,1-2-3,5-1-3,-100,0,-100,-100,-100,-100,-100
19123127,1-3-2,3-5-2,-100,-100,-100,-100,-100,-100,-100
19121734,1-2-3,1-5-6,30,50,-100,-100,-100,-100,-100
19120736,1-4-3,1-2-5,10,0,-100,-100,-100,-100,-100
19121826,1-2-3,1-2-3,40,20,800,460,30,3790,1380
19121927,1-3-2,3-1-4,-100,0,-100,70,10,-100,-100
19122833,2-3-1,1-3-2,-100,-100,-100,-100,240,-100,290
19121641,1-2-3,1-5-2,50,20,-100,-100,20,-100,-100
19122738,1-2-4,1-4-3,40,0,-100,-100,-100,-100,-100
19122825,1-2-3,4-1-6,-100,20,-100,-100,-100,-100,-100
19121643,1-2-3,1-4-2,40,0,-100,-100,10,-100,-100
19121928,1-3-4,1-5-3,20,0,-100,-100,0,-100,-100
19121025,1-3-5,1-6-3,0,0,-100,-100,20,-100,-100
19121929,1-2-5,3-2-4,-100,-100,-100,-100,-100,-100,-100
19122748,1-2-3,1-2-4,60,0,110,80,0,-100,-100
19122745,1-2-3,3-1-4,-100,380,-100,-100,-100,-100,-100
19121732,1-2-4,1-5-6,10,0,-100,-100,-100,-100,-100
19120615,1-3-2,3-5-6,-100,-100,-100,-100,-100,-100,-100
19121735,1-3-2,1-3-2,20,0,130,110,30,460,100
19122625,1-2-3,1-2-3,0,0,290,310,60,1250,370
19120726,1-2-3,1-2-4,70,0,310,320,40,-100,-100
19121036,1-3-4,2-6-1,-100,-100,-100,-100,-100,-100,-100
19122834,1-2-4,2-1-5,-100,0,-100,120,20,-100,-100
19120826,1-4-2,1-4-2,30,0,110,40,0,430,170
19121638,1-2-3,3-4-1,-100,-100,-100,-100,-100,-100,-100
19123128,1-3-2,1-3-4,20,0,120,130,20,-100,-100
19120729,1-2-3,6-2-1,-100,-100,-100,-100,10,-100,-100
19122627,1-3-2,1-2-3,30,0,-100,-100,10,-100,110
19121836,1-2-3,1-2-4,20,0,50,50,0,-100,-100
19122022,2-1-4,1-3-2,-100,-100,-100,-100,50,-100,-100
19120933,2-4-3,4-1-5,-100,-100,-100,-100,-100,-100,-100
19120731,1-2-3,1-3-2,10,0,-100,-100,90,-100,120
19121029,1-2-4,1-2-4,30,0,60,0,10,520,280
19122020,1-3-2,1-5-3,20,0,-100,-100,100,-100,-100
19121728,1-3-2,3-1-4,-100,0,-100,90,20,-100,-100
19123133,2-1-3,4-5-2,-100,-100,-100,-100,-100,-100,-100
19121827,1-2-3,1-2-3,40,10,560,290,40,1240,350
19120730,2-1-3,2-3-1,240,80,-100,-100,80,-100,140
19120834,1-2-4,1-2-4,40,0,200,210,70,580,70
19123135,1-2-3,1-2-5,20,40,130,70,60,-100,-100
19122530,1-2-3,3-4-1,-100,-100,-100,-100,-100,-100,-100
19121032,1-2-3,4-1-6,-100,0,-100,-100,-100,-100,-100
19122535,1-3-4,1-2-3,20,80,-100,-100,50,-100,-100
19122016,1-2-3,1-4-3,10,0,-100,-100,-100,-100,-100
19121934,1-3-2,3-1-4,-100,10,-100,250,80,-100,-100
19120618,1-2-4,1-2-6,500,0,440,360,120,-100,-100
19121647,1-2-4,1-5-6,10,40,-100,-100,-100,-100,-100
19120732,1-2-4,4-2-3,-100,-100,-100,-100,-100,-100,-100
19120832,1-2-3,2-1-4,-100,0,-100,20,0,-100,-100
19122024,1-3-4,1-3-6,0,70,400,320,100,-100,-100
19122632,1-3-4,1-4-2,90,80,-100,-100,-100,-100,-100
19121639,1-2-3,4-1-5,-100,0,-100,-100,-100,-100,-100
19123130,2-1-4,1-2-5,-100,0,-100,130,30,-100,-100
19120613,1-3-2,2-1-5,-100,0,-100,-100,-100,-100,-100
19120927,1-2-3,3-5-2,-100,-100,-100,-100,-100,-100,-100
19122832,1-2-3,1-6-2,20,0,-100,-100,20,-100,-100
19120828,1-2-3,1-2-3,0,0,130,100,20,460,70
19121034,1-2-4,1-2-4,50,20,250,220,60,570,150
19121935,1-2-3,1-3-2,30,10,-100,-100,40,-100,120
19122634,2-4-1,5-2-4,-100,0,-100,-100,140,-100,-100
19121933,1-2-3,1-5-2,70,30,-100,-100,20,-100,-100
19120930,2-1-3,4-1-2,-100,-100,-100,-100,50,-100,-100
19122830,1-2-3,2-1-5,-100,0,-100,260,170,-100,-100
19122630,2-1-4,1-5-2,-100,-100,-100,-100,40,-100,-100
19121028,1-3-2,5-1-3,-100,30,-100,-100,0,-100,-100
19121736,1-2-3,1-5-2,30,0,-100,-100,20,-100,-100
19122633,1-3-4,5-3-2,-100,-100,-100,-100,-100,-100,-100
19122835,1-2-3,2-1-4,-100,0,-100,100,20,-100,-100
19120831,1-2-3,1-5-3,30,10,-100,-100,-100,-100,-100
19121726,1-2-3,1-4-3,60,0,-100,-100,-100,-100,-100
19120829,1-2-3,1-3-5,40,0,-100,-100,-100,-100,-100
19121026,1-2-3,4-1-3,-100,0,-100,-100,-100,-100,-100
19121730,2-1-4,6-2-4,-100,10,-100,-100,-100,-100,-100
19121731,1-2-3,4-5-6,-100,-100,-100,-100,-100,-100,-100
19122532,1-3-2,3-1-4,-100,0,-100,290,100,-100,-100
19122023,1-2-4,1-2-4,0,0,230,180,20,640,240
19122017,1-2-3,1-3-2,0,0,-100,-100,20,-100,170
19121727,1-3-5,1-3-5,30,0,70,60,0,280,110
19122737,1-3-4,3-1-4,-100,0,-100,300,130,-100,520
19122827,1-2-3,1-5-3,20,0,-100,-100,-100,-100,-100
19122636,1-2-4,1-2-3,0,10,140,100,80,-100,-100
19120833,1-2-3,1-3-2,60,40,-100,-100,50,-100,460
19122533,2-3-1,4-5-2,-100,-100,-100,-100,-100,-100,-100
19121637,1-2-4,4-1-3,-100,10,-100,-100,-100,-100,-100
19120617,1-2-3,1-2-5,80,0,90,30,10,-100,-100
19122536,1-2-3,3-1-4,-100,0,-100,-100,-100,-100,-100
19120622,1-2-4,1-2-4,0,10,120,20,10,480,200
19121640,1-2-3,1-3-5,0,0,-100,-100,-100,-100,-100
19122534,2-1-4,1-4-2,-100,-100,-100,-100,50,-100,190
19122744,1-3-4,4-5-2,-100,-100,-100,-100,-100,-100,-100
19120623,1-2-3,2-3-4,-100,-100,-100,-100,-100,-100,-100
19122826,1-2-3,4-1-2,-100,0,-100,-100,10,-100,-100
19122740,1-3-4,1-3-2,30,0,60,50,20,-100,-100
19122528,1-2-3,1-4-2,0,20,-100,-100,50,-100,-100
19122527,1-3-2,1-3-6,40,0,80,30,20,-100,-100
19123134,1-2-3,4-1-6,-100,30,-100,-100,-100,-100,-100
19121031,1-2-3,1-2-4,20,0,220,210,120,-100,-100
19122828,1-2-3,1-3-2,30,0,-100,-100,20,-100,140
19122743,1-2-4,1-5-6,80,0,-100,-100,-100,-100,-100
19123129,1-2-4,5-1-2,-100,40,-100,-100,0,-100,-100
19122741,1-2-5,2-1-5,-100,0,-100,30,0,-100,340
19121925,1-2-3,1-4-2,0,0,-100,-100,20,-100,-100
19120926,1-3-2,4-3-1,-100,-100,-100,-100,430,-100,-100
19121825,1-2-3,1-3-5,0,0,-100,-100,-100,-100,-100
19121833,2-1-3,2-6-5,120,0,-100,-100,-100,-100,-100
総レース数, 単勝, 複勝, 2連単, 2連複, 拡連複, 3連単, 3連複, 合計
178,-340,-1660,-2190,-2230,-2240,8360,-3140,-3440
